,person_id,person_url,filepath,disclosure_year,notes,date_created,date_modified,type,agreement_id,agree_date_raw,parties_and_terms,agree_redacted,gift_id,gift_source,gift_description,gift_value,gift_redacted,investment_id,inv_description,inv_redacted,income_during_reporting_period_code,income_during_reporting_period_type,gross_value_code,gross_value_method,transaction_during_reporting_period,transaction_date_raw,transaction_date,transaction_value_code,transaction_gain_code,transaction_partner,inv_has_inferred_values,non_investment_income_id,non_inv_date_raw,non_inv_source_type,non_inv_income_amount,non_inv_redacted,position_id,position,organization_name,position_redacted,reimbursement_id,reimb_source,reimb_location,reimb_purpose,items_paid_or_provided,reimb_redacted,spouse_income_id,sp_inc_source_type,sp_inc_date_raw,sp_inc_redacted
1002756,14469,https://www.courtlistener.com/api/rest/v4/people/14469/,https://storage.courtlistener.com/us/federal/judicial/financial-disclosures/14469/wendy-williams-berger-disclosure.2020.pdf,2020,"
 All assets held in the  Trust are listed in Part VII.",2022-04-18,2022-04-18,agreement,24409.0,1993,State of Florida: Florida Retirement System,False,,,,,,,,,,,,,,,,,,,,,,,,,,,,,,,,,,,,,,
1002757,14469,https://www.courtlistener.com/api/rest/v4/people/14469/,https://storage.courtlistener.com/us/federal/judicial/financial-disclosures/14469/wendy-williams-berger-disclosure.2020.pdf,2020,"
 All assets held in the  Trust are listed in Part VII.",2022-04-18,2022-04-18,agreement,24419.0,1993,State of Florida: Florida Retirement System,False,,,,,,,,,,,,,,,,,,,,,,,,,,,,,,,,,,,,,,
1002758,14469,https://www.courtlistener.com/api/rest/v4/people/14469/,https://storage.courtlistener.com/us/federal/judicial/financial-disclosures/14469/wendy-williams-berger-disclosure.2020.pdf,2020,"
 All assets held in the  Trust are listed in Part VII.",2022-04-18,2022-04-18,agreement,24449.0,1993,State of Florida: Florida Retirement System,False,,,,,,,,,,,,,,,,,,,,,,,,,,,,,,,,,,,,,,
1002759,14469,https://www.courtlistener.com/api/rest/v4/people/14469/,https://storage.courtlistener.com/us/federal/judicial/financial-disclosures/14469/wendy-williams-berger-disclosure.2020.pdf,2020,"
 All assets held in the  Trust are listed in Part VII.",2022-04-18,2022-04-18,agreement,24500.0,1993,State of Florida: Florida Retirement System,False,,,,,,,,,,,,,,,,,,,,,,,,,,,,,,,,,,,,,,
1002760,14469,https://www.courtlistener.com/api/rest/v4/people/14469/,https://storage.courtlistener.com/us/federal/judicial/financial-disclosures/14469/wendy-williams-berger-disclosure.2020.pdf,2020,"
 All assets held in the  Trust are listed in Part VII.",2022-04-18,2022-04-18,agreement,24546.0,1993,State of Florida: Florida Retirement System,False,,,,,,,,,,,,,,,,,,,,,,,,,,,,,,,,,,,,,,
1002761,14469,https://www.courtlistener.com/api/rest/v4/people/14469/,https://storage.courtlistener.com/us/federal/judicial/financial-disclosures/14469/wendy-williams-berger-disclosure.2020.pdf,2020,"
 All assets held in the  Trust are listed in Part VII.",2022-04-18,2022-04-18,agreement,24555.0,1993,State of Florida: Florida Retirement System,False,,,,,,,,,,,,,,,,,,,,,,,,,,,,,,,,,,,,,,
1002762,14469,https://www.courtlistener.com/api/rest/v4/people/14469/,https://storage.courtlistener.com/us/federal/judicial/financial-disclosures/14469/wendy-williams-berger-disclosure.2020.pdf,2020,"
 All assets held in the  Trust are listed in Part VII.",2022-04-18,2022-04-18,investment,,,,,,,,,,5211328.0,Investment Account (H),False,,,,,,,,,,,False,,,,,,,,,,,,,,,,,,,
1002763,14469,https://www.courtlistener.com/api/rest/v4/people/14469/,https://storage.courtlistener.com/us/federal/judicial/financial-disclosures/14469/wendy-williams-berger-disclosure.2020.pdf,2020,"
 All assets held in the  Trust are listed in Part VII.",2022-04-18,2022-04-18,investment,,,,,,,,,,5211329.0,Citigroup Inc. C Stock,False,B,Dividend,J,T,,,,,,,False,,,,,,,,,,,,,,,,,,,
1002764,14469,https://www.courtlistener.com/api/rest/v4/people/14469/,https://storage.courtlistener.com/us/federal/judicial/financial-disclosures/14469/wendy-williams-berger-disclosure.2020.pdf,2020,"
 All assets held in the  Trust are listed in Part VII.",2022-04-18,2022-04-18,investment,,,,,,,,,,5211330.0,Duke Energy Corporation DUK Stock,False,D,Dividend,J,T,,,,,,,False,,,,,,,,,,,,,,,,,,,
1002765,14469,https://www.courtlistener.com/api/rest/v4/people/14469/,https://storage.courtlistener.com/us/federal/judicial/financial-disclosures/14469/wendy-williams-berger-disclosure.2020.pdf,2020,"
 All assets held in the  Trust are listed in Part VII.",2022-04-18,2022-04-18,investment,,,,,,,,,,5211331.0,Eaton Vance Worldwide Health Sciences ETHSX,False,A,Dividend,J,T,,,,,,,False,,,,,,,,,,,,,,,,,,,
1002766,14469,https://www.courtlistener.com/api/rest/v4/people/14469/,https://storage.courtlistener.com/us/federal/judicial/financial-disclosures/14469/wendy-williams-berger-disclosure.2020.pdf,2020,"
 All assets held in the  Trust are listed in Part VII.",2022-04-18,2022-04-18,investment,,,,,,,,,,5211332.0,Proctor and Gamble Co PG Stock,False,C,Dividend,J,T,,,,,,,False,,,,,,,,,,,,,,,,,,,
1002767,14469,https://www.courtlistener.com/api/rest/v4/people/14469/,https://storage.courtlistener.com/us/federal/judicial/financial-disclosures/14469/wendy-williams-berger-disclosure.2020.pdf,2020,"
 All assets held in the  Trust are listed in Part VII.",2022-04-18,2022-04-18,investment,,,,,,,,,,5211333.0,529 Florida Prepaid Educational Savings Plan - Age Based Investment,False,E,Int./Div.,K,T,,,,,,,False,,,,,,,,,,,,,,,,,,,
1002768,14469,https://www.courtlistener.com/api/rest/v4/people/14469/,https://storage.courtlistener.com/us/federal/judicial/financial-disclosures/14469/wendy-williams-berger-disclosure.2020.pdf,2020,"
 All assets held in the  Trust are listed in Part VII.",2022-04-18,2022-04-18,investment,,,,,,,,,,5211334.0,IRA Account (H),False,,,,,,,,,,,False,,,,,,,,,,,,,,,,,,,
1002769,14469,https://www.courtlistener.com/api/rest/v4/people/14469/,https://storage.courtlistener.com/us/federal/judicial/financial-disclosures/14469/wendy-williams-berger-disclosure.2020.pdf,2020,"
 All assets held in the  Trust are listed in Part VII.",2022-04-18,2022-04-18,investment,,,,,,,,,,5211335.0,Fidelity Four in One Index FFNOX,False,D,Dividend,J,T,,,,,,,False,,,,,,,,,,,,,,,,,,,
1002770,14469,https://www.courtlistener.com/api/rest/v4/people/14469/,https://storage.courtlistener.com/us/federal/judicial/financial-disclosures/14469/wendy-williams-berger-disclosure.2020.pdf,2020,"
 All assets held in the  Trust are listed in Part VII.",2022-04-18,2022-04-18,investment,,,,,,,,,,5211336.0,Northwestern Mutual Variable Life (H),False,,,,,,,,,,,False,,,,,,,,,,,,,,,,,,,
1002771,14469,https://www.courtlistener.com/api/rest/v4/people/14469/,https://storage.courtlistener.com/us/federal/judicial/financial-disclosures/14469/wendy-williams-berger-disclosure.2020.pdf,2020,"
 All assets held in the  Trust are listed in Part VII.",2022-04-18,2022-04-18,investment,,,,,,,,,,5211337.0,Government Money Market Fund MSA Black Rock,False,E,Dividend,K,T,,,,,,,False,,,,,,,,,,,,,,,,,,,
1002772,14469,https://www.courtlistener.com/api/rest/v4/people/14469/,https://storage.courtlistener.com/us/federal/judicial/financial-disclosures/14469/wendy-williams-berger-disclosure.2020.pdf,2020,"
 All assets held in the  Trust are listed in Part VII.",2022-04-18,2022-04-18,investment,,,,,,,,,,5211338.0,Chase Bank Cash Account,False,D,Interest,J,T,,,,,,,False,,,,,,,,,,,,,,,,,,,
1002773,14469,https://www.courtlistener.com/api/rest/v4/people/14469/,https://storage.courtlistener.com/us/federal/judicial/financial-disclosures/14469/wendy-williams-berger-disclosure.2020.pdf,2020,"
 All assets held in the  Trust are listed in Part VII.",2022-04-18,2022-04-18,investment,,,,,,,,,,5211339.0,First Federal Credit Union Cash Account,False,A,Interest,J,T,,,,,,,False,,,,,,,,,,,,,,,,,,,
1002774,14469,https://www.courtlistener.com/api/rest/v4/people/14469/,https://storage.courtlistener.com/us/federal/judicial/financial-disclosures/14469/wendy-williams-berger-disclosure.2020.pdf,2020,"
 All assets held in the  Trust are listed in Part VII.",2022-04-18,2022-04-18,investment,,,,,,,,,,5211340.0,Willscot Mobile Mini Holdings Corp. (WSC),False,E,Interest,K,T,,,,,,,False,,,,,,,,,,,,,,,,,,,
1002775,14469,https://www.courtlistener.com/api/rest/v4/people/14469/,https://storage.courtlistener.com/us/federal/judicial/financial-disclosures/14469/wendy-williams-berger-disclosure.2020.pdf,2020,"
 All assets held in the  Trust are listed in Part VII.",2022-04-18,2022-04-18,investment,,,,,,,,,,5211341.0,Amazon.com Inc. (AMZN),False,E,Interest,K,T,,,,,,,False,,,,,,,,,,,,,,,,,,,
1002776,14469,https://www.courtlistener.com/api/rest/v4/people/14469/,https://storage.courtlistener.com/us/federal/judicial/financial-disclosures/14469/wendy-williams-berger-disclosure.2020.pdf,2020,"
 All assets held in the  Trust are listed in Part VII.",2022-04-18,2022-04-18,investment,,,,,,,,,,5211342.0,ZYNGA Inc. (ZYNGA),False,D,Interest,J,T,,,,,,,False,,,,,,,,,,,,,,,,,,,
1002777,14469,https://www.courtlistener.com/api/rest/v4/people/14469/,https://storage.courtlistener.com/us/federal/judicial/financial-disclosures/14469/wendy-williams-berger-disclosure.2020.pdf,2020,"
 All assets held in the  Trust are listed in Part VII.",2022-04-18,2022-04-18,investment,,,,,,,,,,5211343.0,Golden Nugget Online Gaming Inc. (GNOG),False,C,Interest,J,T,,,,,,,False,,,,,,,,,,,,,,,,,,,
1002778,14469,https://www.courtlistener.com/api/rest/v4/people/14469/,https://storage.courtlistener.com/us/federal/judicial/financial-disclosures/14469/wendy-williams-berger-disclosure.2020.pdf,2020,"
 All assets held in the  Trust are listed in Part VII.",2022-04-18,2022-04-18,investment,,,,,,,,,,5211344.0,Naked Brand Group Ltd. (NAKD),False,A,Interest,J,T,,,,,,,False,,,,,,,,,,,,,,,,,,,
1002779,14469,https://www.courtlistener.com/api/rest/v4/people/14469/,https://storage.courtlistener.com/us/federal/judicial/financial-disclosures/14469/wendy-williams-berger-disclosure.2020.pdf,2020,"
 All assets held in the  Trust are listed in Part VII.",2022-04-18,2022-04-18,investment,,,,,,,,,,5211345.0,Intec Pharma Ltd. (NTEC),False,A,Interest,J,T,,,,,,,False,,,,,,,,,,,,,,,,,,,
1002780,14469,https://www.courtlistener.com/api/rest/v4/people/14469/,https://storage.courtlistener.com/us/federal/judicial/financial-disclosures/14469/wendy-williams-berger-disclosure.2020.pdf,2020,"
 All assets held in the  Trust are listed in Part VII.",2022-04-18,2022-04-18,investment,,,,,,,,,,5212690.0,Investment Account (H),False,,,,,,,,,,,False,,,,,,,,,,,,,,,,,,,
1002781,14469,https://www.courtlistener.com/api/rest/v4/people/14469/,https://storage.courtlistener.com/us/federal/judicial/financial-disclosures/14469/wendy-williams-berger-disclosure.2020.pdf,2020,"
 All assets held in the  Trust are listed in Part VII.",2022-04-18,2022-04-18,investment,,,,,,,,,,5212691.0,Citigroup Inc. C Stock,False,B,Dividend,J,T,,,,,,,False,,,,,,,,,,,,,,,,,,,
1002782,14469,https://www.courtlistener.com/api/rest/v4/people/14469/,https://storage.courtlistener.com/us/federal/judicial/financial-disclosures/14469/wendy-williams-berger-disclosure.2020.pdf,2020,"
 All assets held in the  Trust are listed in Part VII.",2022-04-18,2022-04-18,investment,,,,,,,,,,5212692.0,Duke Energy Corporation DUK Stock,False,D,Dividend,J,T,,,,,,,False,,,,,,,,,,,,,,,,,,,
1002783,14469,https://www.courtlistener.com/api/rest/v4/people/14469/,https://storage.courtlistener.com/us/federal/judicial/financial-disclosures/14469/wendy-williams-berger-disclosure.2020.pdf,2020,"
 All assets held in the  Trust are listed in Part VII.",2022-04-18,2022-04-18,investment,,,,,,,,,,5212693.0,Eaton Vance Worldwide Health Sciences ETHSX,False,A,Dividend,J,T,,,,,,,False,,,,,,,,,,,,,,,,,,,
1002784,14469,https://www.courtlistener.com/api/rest/v4/people/14469/,https://storage.courtlistener.com/us/federal/judicial/financial-disclosures/14469/wendy-williams-berger-disclosure.2020.pdf,2020,"
 All assets held in the  Trust are listed in Part VII.",2022-04-18,2022-04-18,investment,,,,,,,,,,5212694.0,Proctor and Gamble Co PG Stock,False,C,Dividend,J,T,,,,,,,False,,,,,,,,,,,,,,,,,,,
1002785,14469,https://www.courtlistener.com/api/rest/v4/people/14469/,https://storage.courtlistener.com/us/federal/judicial/financial-disclosures/14469/wendy-williams-berger-disclosure.2020.pdf,2020,"
 All assets held in the  Trust are listed in Part VII.",2022-04-18,2022-04-18,investment,,,,,,,,,,5212695.0,529 Florida Prepaid Educational Savings Plan - Age Based Investment,False,E,Int./Div.,K,T,,,,,,,False,,,,,,,,,,,,,,,,,,,
1002786,14469,https://www.courtlistener.com/api/rest/v4/people/14469/,https://storage.courtlistener.com/us/federal/judicial/financial-disclosures/14469/wendy-williams-berger-disclosure.2020.pdf,2020,"
 All assets held in the  Trust are listed in Part VII.",2022-04-18,2022-04-18,investment,,,,,,,,,,5212696.0,IRA Account (H),False,,,,,,,,,,,False,,,,,,,,,,,,,,,,,,,
1002787,14469,https://www.courtlistener.com/api/rest/v4/people/14469/,https://storage.courtlistener.com/us/federal/judicial/financial-disclosures/14469/wendy-williams-berger-disclosure.2020.pdf,2020,"
 All assets held in the  Trust are listed in Part VII.",2022-04-18,2022-04-18,investment,,,,,,,,,,5212697.0,Fidelity Four in One Index FFNOX,False,D,Dividend,J,T,,,,,,,False,,,,,,,,,,,,,,,,,,,
1002788,14469,https://www.courtlistener.com/api/rest/v4/people/14469/,https://storage.courtlistener.com/us/federal/judicial/financial-disclosures/14469/wendy-williams-berger-disclosure.2020.pdf,2020,"
 All assets held in the  Trust are listed in Part VII.",2022-04-18,2022-04-18,investment,,,,,,,,,,5212698.0,Northwestern Mutual Variable Life (H),False,,,,,,,,,,,False,,,,,,,,,,,,,,,,,,,
1002789,14469,https://www.courtlistener.com/api/rest/v4/people/14469/,https://storage.courtlistener.com/us/federal/judicial/financial-disclosures/14469/wendy-williams-berger-disclosure.2020.pdf,2020,"
 All assets held in the  Trust are listed in Part VII.",2022-04-18,2022-04-18,investment,,,,,,,,,,5212699.0,Government Money Market Fund MSA Black Rock,False,E,Dividend,K,T,,,,,,,False,,,,,,,,,,,,,,,,,,,
1002790,14469,https://www.courtlistener.com/api/rest/v4/people/14469/,https://storage.courtlistener.com/us/federal/judicial/financial-disclosures/14469/wendy-williams-berger-disclosure.2020.pdf,2020,"
 All assets held in the  Trust are listed in Part VII.",2022-04-18,2022-04-18,investment,,,,,,,,,,5212700.0,Chase Bank Cash Account,False,D,Interest,J,T,,,,,,,False,,,,,,,,,,,,,,,,,,,
1002791,14469,https://www.courtlistener.com/api/rest/v4/people/14469/,https://storage.courtlistener.com/us/federal/judicial/financial-disclosures/14469/wendy-williams-berger-disclosure.2020.pdf,2020,"
 All assets held in the  Trust are listed in Part VII.",2022-04-18,2022-04-18,investment,,,,,,,,,,5212701.0,First Federal Credit Union Cash Account,False,A,Interest,J,T,,,,,,,False,,,,,,,,,,,,,,,,,,,
1002792,14469,https://www.courtlistener.com/api/rest/v4/people/14469/,https://storage.courtlistener.com/us/federal/judicial/financial-disclosures/14469/wendy-williams-berger-disclosure.2020.pdf,2020,"
 All assets held in the  Trust are listed in Part VII.",2022-04-18,2022-04-18,investment,,,,,,,,,,5212702.0,Willscot Mobile Mini Holdings Corp. (WSC),False,E,Interest,K,T,,,,,,,False,,,,,,,,,,,,,,,,,,,
1002793,14469,https://www.courtlistener.com/api/rest/v4/people/14469/,https://storage.courtlistener.com/us/federal/judicial/financial-disclosures/14469/wendy-williams-berger-disclosure.2020.pdf,2020,"
 All assets held in the  Trust are listed in Part VII.",2022-04-18,2022-04-18,investment,,,,,,,,,,5212703.0,Amazon.com Inc. (AMZN),False,E,Interest,K,T,,,,,,,False,,,,,,,,,,,,,,,,,,,
1002794,14469,https://www.courtlistener.com/api/rest/v4/people/14469/,https://storage.courtlistener.com/us/federal/judicial/financial-disclosures/14469/wendy-williams-berger-disclosure.2020.pdf,2020,"
 All assets held in the  Trust are listed in Part VII.",2022-04-18,2022-04-18,investment,,,,,,,,,,5212704.0,ZYNGA Inc. (ZYNGA),False,D,Interest,J,T,,,,,,,False,,,,,,,,,,,,,,,,,,,
1002795,14469,https://www.courtlistener.com/api/rest/v4/people/14469/,https://storage.courtlistener.com/us/federal/judicial/financial-disclosures/14469/wendy-williams-berger-disclosure.2020.pdf,2020,"
 All assets held in the  Trust are listed in Part VII.",2022-04-18,2022-04-18,investment,,,,,,,,,,5212705.0,Golden Nugget Online Gaming Inc. (GNOG),False,C,Interest,J,T,,,,,,,False,,,,,,,,,,,,,,,,,,,
1002796,14469,https://www.courtlistener.com/api/rest/v4/people/14469/,https://storage.courtlistener.com/us/federal/judicial/financial-disclosures/14469/wendy-williams-berger-disclosure.2020.pdf,2020,"
 All assets held in the  Trust are listed in Part VII.",2022-04-18,2022-04-18,investment,,,,,,,,,,5212706.0,Naked Brand Group Ltd. (NAKD),False,A,Interest,J,T,,,,,,,False,,,,,,,,,,,,,,,,,,,
1002797,14469,https://www.courtlistener.com/api/rest/v4/people/14469/,https://storage.courtlistener.com/us/federal/judicial/financial-disclosures/14469/wendy-williams-berger-disclosure.2020.pdf,2020,"
 All assets held in the  Trust are listed in Part VII.",2022-04-18,2022-04-18,investment,,,,,,,,,,5212707.0,Intec Pharma Ltd. (NTEC),False,A,Interest,J,T,,,,,,,False,,,,,,,,,,,,,,,,,,,
1002798,14469,https://www.courtlistener.com/api/rest/v4/people/14469/,https://storage.courtlistener.com/us/federal/judicial/financial-disclosures/14469/wendy-williams-berger-disclosure.2020.pdf,2020,"
 All assets held in the  Trust are listed in Part VII.",2022-04-18,2022-04-18,investment,,,,,,,,,,5216553.0,Investment Account (H),False,,,,,,,,,,,False,,,,,,,,,,,,,,,,,,,
1002799,14469,https://www.courtlistener.com/api/rest/v4/people/14469/,https://storage.courtlistener.com/us/federal/judicial/financial-disclosures/14469/wendy-williams-berger-disclosure.2020.pdf,2020,"
 All assets held in the  Trust are listed in Part VII.",2022-04-18,2022-04-18,investment,,,,,,,,,,5216554.0,Citigroup Inc. C Stock,False,B,Dividend,J,T,,,,,,,False,,,,,,,,,,,,,,,,,,,
1002800,14469,https://www.courtlistener.com/api/rest/v4/people/14469/,https://storage.courtlistener.com/us/federal/judicial/financial-disclosures/14469/wendy-williams-berger-disclosure.2020.pdf,2020,"
 All assets held in the  Trust are listed in Part VII.",2022-04-18,2022-04-18,investment,,,,,,,,,,5216555.0,Duke Energy Corporation DUK Stock,False,D,Dividend,J,T,,,,,,,False,,,,,,,,,,,,,,,,,,,
1002801,14469,https://www.courtlistener.com/api/rest/v4/people/14469/,https://storage.courtlistener.com/us/federal/judicial/financial-disclosures/14469/wendy-williams-berger-disclosure.2020.pdf,2020,"
 All assets held in the  Trust are listed in Part VII.",2022-04-18,2022-04-18,investment,,,,,,,,,,5216556.0,Eaton Vance Worldwide Health Sciences ETHSX,False,A,Dividend,J,T,,,,,,,False,,,,,,,,,,,,,,,,,,,
1002802,14469,https://www.courtlistener.com/api/rest/v4/people/14469/,https://storage.courtlistener.com/us/federal/judicial/financial-disclosures/14469/wendy-williams-berger-disclosure.2020.pdf,2020,"
 All assets held in the  Trust are listed in Part VII.",2022-04-18,2022-04-18,investment,,,,,,,,,,5216557.0,Proctor and Gamble Co PG Stock,False,C,Dividend,J,T,,,,,,,False,,,,,,,,,,,,,,,,,,,
1002803,14469,https://www.courtlistener.com/api/rest/v4/people/14469/,https://storage.courtlistener.com/us/federal/judicial/financial-disclosures/14469/wendy-williams-berger-disclosure.2020.pdf,2020,"
 All assets held in the  Trust are listed in Part VII.",2022-04-18,2022-04-18,investment,,,,,,,,,,5216558.0,529 Florida Prepaid Educational Savings Plan - Age Based Investment,False,E,Int./Div.,K,T,,,,,,,False,,,,,,,,,,,,,,,,,,,
1002804,14469,https://www.courtlistener.com/api/rest/v4/people/14469/,https://storage.courtlistener.com/us/federal/judicial/financial-disclosures/14469/wendy-williams-berger-disclosure.2020.pdf,2020,"
 All assets held in the  Trust are listed in Part VII.",2022-04-18,2022-04-18,investment,,,,,,,,,,5216559.0,IRA Account (H),False,,,,,,,,,,,False,,,,,,,,,,,,,,,,,,,
1002805,14469,https://www.courtlistener.com/api/rest/v4/people/14469/,https://storage.courtlistener.com/us/federal/judicial/financial-disclosures/14469/wendy-williams-berger-disclosure.2020.pdf,2020,"
 All assets held in the  Trust are listed in Part VII.",2022-04-18,2022-04-18,investment,,,,,,,,,,5216560.0,Fidelity Four in One Index FFNOX,False,D,Dividend,J,T,,,,,,,False,,,,,,,,,,,,,,,,,,,
1002806,14469,https://www.courtlistener.com/api/rest/v4/people/14469/,https://storage.courtlistener.com/us/federal/judicial/financial-disclosures/14469/wendy-williams-berger-disclosure.2020.pdf,2020,"
 All assets held in the  Trust are listed in Part VII.",2022-04-18,2022-04-18,investment,,,,,,,,,,5216561.0,Northwestern Mutual Variable Life (H),False,,,,,,,,,,,False,,,,,,,,,,,,,,,,,,,
1002807,14469,https://www.courtlistener.com/api/rest/v4/people/14469/,https://storage.courtlistener.com/us/federal/judicial/financial-disclosures/14469/wendy-williams-berger-disclosure.2020.pdf,2020,"
 All assets held in the  Trust are listed in Part VII.",2022-04-18,2022-04-18,investment,,,,,,,,,,5216562.0,Government Money Market Fund MSA Black Rock,False,E,Dividend,K,T,,,,,,,False,,,,,,,,,,,,,,,,,,,
1002808,14469,https://www.courtlistener.com/api/rest/v4/people/14469/,https://storage.courtlistener.com/us/federal/judicial/financial-disclosures/14469/wendy-williams-berger-disclosure.2020.pdf,2020,"
 All assets held in the  Trust are listed in Part VII.",2022-04-18,2022-04-18,investment,,,,,,,,,,5216563.0,Chase Bank Cash Account,False,D,Interest,J,T,,,,,,,False,,,,,,,,,,,,,,,,,,,
1002809,14469,https://www.courtlistener.com/api/rest/v4/people/14469/,https://storage.courtlistener.com/us/federal/judicial/financial-disclosures/14469/wendy-williams-berger-disclosure.2020.pdf,2020,"
 All assets held in the  Trust are listed in Part VII.",2022-04-18,2022-04-18,investment,,,,,,,,,,5216564.0,First Federal Credit Union Cash Account,False,A,Interest,J,T,,,,,,,False,,,,,,,,,,,,,,,,,,,
1002810,14469,https://www.courtlistener.com/api/rest/v4/people/14469/,https://storage.courtlistener.com/us/federal/judicial/financial-disclosures/14469/wendy-williams-berger-disclosure.2020.pdf,2020,"
 All assets held in the  Trust are listed in Part VII.",2022-04-18,2022-04-18,investment,,,,,,,,,,5216565.0,Willscot Mobile Mini Holdings Corp. (WSC),False,E,Interest,K,T,,,,,,,False,,,,,,,,,,,,,,,,,,,
1002811,14469,https://www.courtlistener.com/api/rest/v4/people/14469/,https://storage.courtlistener.com/us/federal/judicial/financial-disclosures/14469/wendy-williams-berger-disclosure.2020.pdf,2020,"
 All assets held in the  Trust are listed in Part VII.",2022-04-18,2022-04-18,investment,,,,,,,,,,5216566.0,Amazon.com Inc. (AMZN),False,E,Interest,K,T,,,,,,,False,,,,,,,,,,,,,,,,,,,
1002812,14469,https://www.courtlistener.com/api/rest/v4/people/14469/,https://storage.courtlistener.com/us/federal/judicial/financial-disclosures/14469/wendy-williams-berger-disclosure.2020.pdf,2020,"
 All assets held in the  Trust are listed in Part VII.",2022-04-18,2022-04-18,investment,,,,,,,,,,5216567.0,ZYNGA Inc. (ZYNGA),False,D,Interest,J,T,,,,,,,False,,,,,,,,,,,,,,,,,,,
1002813,14469,https://www.courtlistener.com/api/rest/v4/people/14469/,https://storage.courtlistener.com/us/federal/judicial/financial-disclosures/14469/wendy-williams-berger-disclosure.2020.pdf,2020,"
 All assets held in the  Trust are listed in Part VII.",2022-04-18,2022-04-18,investment,,,,,,,,,,5216568.0,Golden Nugget Online Gaming Inc. (GNOG),False,C,Interest,J,T,,,,,,,False,,,,,,,,,,,,,,,,,,,
1002814,14469,https://www.courtlistener.com/api/rest/v4/people/14469/,https://storage.courtlistener.com/us/federal/judicial/financial-disclosures/14469/wendy-williams-berger-disclosure.2020.pdf,2020,"
 All assets held in the  Trust are listed in Part VII.",2022-04-18,2022-04-18,investment,,,,,,,,,,5216569.0,Naked Brand Group Ltd. (NAKD),False,A,Interest,J,T,,,,,,,False,,,,,,,,,,,,,,,,,,,
1002815,14469,https://www.courtlistener.com/api/rest/v4/people/14469/,https://storage.courtlistener.com/us/federal/judicial/financial-disclosures/14469/wendy-williams-berger-disclosure.2020.pdf,2020,"
 All assets held in the  Trust are listed in Part VII.",2022-04-18,2022-04-18,investment,,,,,,,,,,5216570.0,Intec Pharma Ltd. (NTEC),False,A,Interest,J,T,,,,,,,False,,,,,,,,,,,,,,,,,,,
1002816,14469,https://www.courtlistener.com/api/rest/v4/people/14469/,https://storage.courtlistener.com/us/federal/judicial/financial-disclosures/14469/wendy-williams-berger-disclosure.2020.pdf,2020,"
 All assets held in the  Trust are listed in Part VII.",2022-04-18,2022-04-18,investment,,,,,,,,,,5223284.0,Investment Account (H),False,,,,,,,,,,,False,,,,,,,,,,,,,,,,,,,
1002817,14469,https://www.courtlistener.com/api/rest/v4/people/14469/,https://storage.courtlistener.com/us/federal/judicial/financial-disclosures/14469/wendy-williams-berger-disclosure.2020.pdf,2020,"
 All assets held in the  Trust are listed in Part VII.",2022-04-18,2022-04-18,investment,,,,,,,,,,5223285.0,Citigroup Inc. C Stock,False,B,Dividend,J,T,,,,,,,False,,,,,,,,,,,,,,,,,,,
1002818,14469,https://www.courtlistener.com/api/rest/v4/people/14469/,https://storage.courtlistener.com/us/federal/judicial/financial-disclosures/14469/wendy-williams-berger-disclosure.2020.pdf,2020,"
 All assets held in the  Trust are listed in Part VII.",2022-04-18,2022-04-18,investment,,,,,,,,,,5223286.0,Duke Energy Corporation DUK Stock,False,D,Dividend,J,T,,,,,,,False,,,,,,,,,,,,,,,,,,,
1002819,14469,https://www.courtlistener.com/api/rest/v4/people/14469/,https://storage.courtlistener.com/us/federal/judicial/financial-disclosures/14469/wendy-williams-berger-disclosure.2020.pdf,2020,"
 All assets held in the  Trust are listed in Part VII.",2022-04-18,2022-04-18,investment,,,,,,,,,,5223287.0,Eaton Vance Worldwide Health Sciences ETHSX,False,A,Dividend,J,T,,,,,,,False,,,,,,,,,,,,,,,,,,,
1002820,14469,https://www.courtlistener.com/api/rest/v4/people/14469/,https://storage.courtlistener.com/us/federal/judicial/financial-disclosures/14469/wendy-williams-berger-disclosure.2020.pdf,2020,"
 All assets held in the  Trust are listed in Part VII.",2022-04-18,2022-04-18,investment,,,,,,,,,,5223288.0,Proctor and Gamble Co PG Stock,False,C,Dividend,J,T,,,,,,,False,,,,,,,,,,,,,,,,,,,
1002821,14469,https://www.courtlistener.com/api/rest/v4/people/14469/,https://storage.courtlistener.com/us/federal/judicial/financial-disclosures/14469/wendy-williams-berger-disclosure.2020.pdf,2020,"
 All assets held in the  Trust are listed in Part VII.",2022-04-18,2022-04-18,investment,,,,,,,,,,5223289.0,529 Florida Prepaid Educational Savings Plan - Age Based Investment,False,E,Int./Div.,K,T,,,,,,,False,,,,,,,,,,,,,,,,,,,
1002822,14469,https://www.courtlistener.com/api/rest/v4/people/14469/,https://storage.courtlistener.com/us/federal/judicial/financial-disclosures/14469/wendy-williams-berger-disclosure.2020.pdf,2020,"
 All assets held in the  Trust are listed in Part VII.",2022-04-18,2022-04-18,investment,,,,,,,,,,5223290.0,IRA Account (H),False,,,,,,,,,,,False,,,,,,,,,,,,,,,,,,,
1002823,14469,https://www.courtlistener.com/api/rest/v4/people/14469/,https://storage.courtlistener.com/us/federal/judicial/financial-disclosures/14469/wendy-williams-berger-disclosure.2020.pdf,2020,"
 All assets held in the  Trust are listed in Part VII.",2022-04-18,2022-04-18,investment,,,,,,,,,,5223291.0,Fidelity Four in One Index FFNOX,False,D,Dividend,J,T,,,,,,,False,,,,,,,,,,,,,,,,,,,
1002824,14469,https://www.courtlistener.com/api/rest/v4/people/14469/,https://storage.courtlistener.com/us/federal/judicial/financial-disclosures/14469/wendy-williams-berger-disclosure.2020.pdf,2020,"
 All assets held in the  Trust are listed in Part VII.",2022-04-18,2022-04-18,investment,,,,,,,,,,5223292.0,Northwestern Mutual Variable Life (H),False,,,,,,,,,,,False,,,,,,,,,,,,,,,,,,,
1002825,14469,https://www.courtlistener.com/api/rest/v4/people/14469/,https://storage.courtlistener.com/us/federal/judicial/financial-disclosures/14469/wendy-williams-berger-disclosure.2020.pdf,2020,"
 All assets held in the  Trust are listed in Part VII.",2022-04-18,2022-04-18,investment,,,,,,,,,,5223293.0,Government Money Market Fund MSA Black Rock,False,E,Dividend,K,T,,,,,,,False,,,,,,,,,,,,,,,,,,,
1002826,14469,https://www.courtlistener.com/api/rest/v4/people/14469/,https://storage.courtlistener.com/us/federal/judicial/financial-disclosures/14469/wendy-williams-berger-disclosure.2020.pdf,2020,"
 All assets held in the  Trust are listed in Part VII.",2022-04-18,2022-04-18,investment,,,,,,,,,,5223294.0,Chase Bank Cash Account,False,D,Interest,J,T,,,,,,,False,,,,,,,,,,,,,,,,,,,
1002827,14469,https://www.courtlistener.com/api/rest/v4/people/14469/,https://storage.courtlistener.com/us/federal/judicial/financial-disclosures/14469/wendy-williams-berger-disclosure.2020.pdf,2020,"
 All assets held in the  Trust are listed in Part VII.",2022-04-18,2022-04-18,investment,,,,,,,,,,5223295.0,First Federal Credit Union Cash Account,False,A,Interest,J,T,,,,,,,False,,,,,,,,,,,,,,,,,,,
1002828,14469,https://www.courtlistener.com/api/rest/v4/people/14469/,https://storage.courtlistener.com/us/federal/judicial/financial-disclosures/14469/wendy-williams-berger-disclosure.2020.pdf,2020,"
 All assets held in the  Trust are listed in Part VII.",2022-04-18,2022-04-18,investment,,,,,,,,,,5223296.0,Willscot Mobile Mini Holdings Corp. (WSC),False,E,Interest,K,T,,,,,,,False,,,,,,,,,,,,,,,,,,,
1002829,14469,https://www.courtlistener.com/api/rest/v4/people/14469/,https://storage.courtlistener.com/us/federal/judicial/financial-disclosures/14469/wendy-williams-berger-disclosure.2020.pdf,2020,"
 All assets held in the  Trust are listed in Part VII.",2022-04-18,2022-04-18,investment,,,,,,,,,,5223297.0,Amazon.com Inc. (AMZN),False,E,Interest,K,T,,,,,,,False,,,,,,,,,,,,,,,,,,,
1002830,14469,https://www.courtlistener.com/api/rest/v4/people/14469/,https://storage.courtlistener.com/us/federal/judicial/financial-disclosures/14469/wendy-williams-berger-disclosure.2020.pdf,2020,"
 All assets held in the  Trust are listed in Part VII.",2022-04-18,2022-04-18,investment,,,,,,,,,,5223298.0,ZYNGA Inc. (ZYNGA),False,D,Interest,J,T,,,,,,,False,,,,,,,,,,,,,,,,,,,
1002831,14469,https://www.courtlistener.com/api/rest/v4/people/14469/,https://storage.courtlistener.com/us/federal/judicial/financial-disclosures/14469/wendy-williams-berger-disclosure.2020.pdf,2020,"
 All assets held in the  Trust are listed in Part VII.",2022-04-18,2022-04-18,investment,,,,,,,,,,5223299.0,Golden Nugget Online Gaming Inc. (GNOG),False,C,Interest,J,T,,,,,,,False,,,,,,,,,,,,,,,,,,,
1002832,14469,https://www.courtlistener.com/api/rest/v4/people/14469/,https://storage.courtlistener.com/us/federal/judicial/financial-disclosures/14469/wendy-williams-berger-disclosure.2020.pdf,2020,"
 All assets held in the  Trust are listed in Part VII.",2022-04-18,2022-04-18,investment,,,,,,,,,,5223300.0,Naked Brand Group Ltd. (NAKD),False,A,Interest,J,T,,,,,,,False,,,,,,,,,,,,,,,,,,,
1002833,14469,https://www.courtlistener.com/api/rest/v4/people/14469/,https://storage.courtlistener.com/us/federal/judicial/financial-disclosures/14469/wendy-williams-berger-disclosure.2020.pdf,2020,"
 All assets held in the  Trust are listed in Part VII.",2022-04-18,2022-04-18,investment,,,,,,,,,,5223301.0,Intec Pharma Ltd. (NTEC),False,A,Interest,J,T,,,,,,,False,,,,,,,,,,,,,,,,,,,
1002834,14469,https://www.courtlistener.com/api/rest/v4/people/14469/,https://storage.courtlistener.com/us/federal/judicial/financial-disclosures/14469/wendy-williams-berger-disclosure.2020.pdf,2020,"
 All assets held in the  Trust are listed in Part VII.",2022-04-18,2022-04-18,investment,,,,,,,,,,5228312.0,Investment Account (H),False,,,,,,,,,,,False,,,,,,,,,,,,,,,,,,,
1002835,14469,https://www.courtlistener.com/api/rest/v4/people/14469/,https://storage.courtlistener.com/us/federal/judicial/financial-disclosures/14469/wendy-williams-berger-disclosure.2020.pdf,2020,"
 All assets held in the  Trust are listed in Part VII.",2022-04-18,2022-04-18,investment,,,,,,,,,,5228313.0,Citigroup Inc. C Stock,False,B,Dividend,J,T,,,,,,,False,,,,,,,,,,,,,,,,,,,
1002836,14469,https://www.courtlistener.com/api/rest/v4/people/14469/,https://storage.courtlistener.com/us/federal/judicial/financial-disclosures/14469/wendy-williams-berger-disclosure.2020.pdf,2020,"
 All assets held in the  Trust are listed in Part VII.",2022-04-18,2022-04-18,investment,,,,,,,,,,5228314.0,Duke Energy Corporation DUK Stock,False,D,Dividend,J,T,,,,,,,False,,,,,,,,,,,,,,,,,,,
1002837,14469,https://www.courtlistener.com/api/rest/v4/people/14469/,https://storage.courtlistener.com/us/federal/judicial/financial-disclosures/14469/wendy-williams-berger-disclosure.2020.pdf,2020,"
 All assets held in the  Trust are listed in Part VII.",2022-04-18,2022-04-18,investment,,,,,,,,,,5228315.0,Eaton Vance Worldwide Health Sciences ETHSX,False,A,Dividend,J,T,,,,,,,False,,,,,,,,,,,,,,,,,,,
1002838,14469,https://www.courtlistener.com/api/rest/v4/people/14469/,https://storage.courtlistener.com/us/federal/judicial/financial-disclosures/14469/wendy-williams-berger-disclosure.2020.pdf,2020,"
 All assets held in the  Trust are listed in Part VII.",2022-04-18,2022-04-18,investment,,,,,,,,,,5228316.0,Proctor and Gamble Co PG Stock,False,C,Dividend,J,T,,,,,,,False,,,,,,,,,,,,,,,,,,,
1002839,14469,https://www.courtlistener.com/api/rest/v4/people/14469/,https://storage.courtlistener.com/us/federal/judicial/financial-disclosures/14469/wendy-williams-berger-disclosure.2020.pdf,2020,"
 All assets held in the  Trust are listed in Part VII.",2022-04-18,2022-04-18,investment,,,,,,,,,,5228317.0,529 Florida Prepaid Educational Savings Plan - Age Based Investment,False,E,Int./Div.,K,T,,,,,,,False,,,,,,,,,,,,,,,,,,,
1002840,14469,https://www.courtlistener.com/api/rest/v4/people/14469/,https://storage.courtlistener.com/us/federal/judicial/financial-disclosures/14469/wendy-williams-berger-disclosure.2020.pdf,2020,"
 All assets held in the  Trust are listed in Part VII.",2022-04-18,2022-04-18,investment,,,,,,,,,,5228318.0,IRA Account (H),False,,,,,,,,,,,False,,,,,,,,,,,,,,,,,,,
1002841,14469,https://www.courtlistener.com/api/rest/v4/people/14469/,https://storage.courtlistener.com/us/federal/judicial/financial-disclosures/14469/wendy-williams-berger-disclosure.2020.pdf,2020,"
 All assets held in the  Trust are listed in Part VII.",2022-04-18,2022-04-18,investment,,,,,,,,,,5228319.0,Fidelity Four in One Index FFNOX,False,D,Dividend,J,T,,,,,,,False,,,,,,,,,,,,,,,,,,,
1002842,14469,https://www.courtlistener.com/api/rest/v4/people/14469/,https://storage.courtlistener.com/us/federal/judicial/financial-disclosures/14469/wendy-williams-berger-disclosure.2020.pdf,2020,"
 All assets held in the  Trust are listed in Part VII.",2022-04-18,2022-04-18,investment,,,,,,,,,,5228320.0,Northwestern Mutual Variable Life (H),False,,,,,,,,,,,False,,,,,,,,,,,,,,,,,,,
1002843,14469,https://www.courtlistener.com/api/rest/v4/people/14469/,https://storage.courtlistener.com/us/federal/judicial/financial-disclosures/14469/wendy-williams-berger-disclosure.2020.pdf,2020,"
 All assets held in the  Trust are listed in Part VII.",2022-04-18,2022-04-18,investment,,,,,,,,,,5228321.0,Government Money Market Fund MSA Black Rock,False,E,Dividend,K,T,,,,,,,False,,,,,,,,,,,,,,,,,,,
1002844,14469,https://www.courtlistener.com/api/rest/v4/people/14469/,https://storage.courtlistener.com/us/federal/judicial/financial-disclosures/14469/wendy-williams-berger-disclosure.2020.pdf,2020,"
 All assets held in the  Trust are listed in Part VII.",2022-04-18,2022-04-18,investment,,,,,,,,,,5228322.0,Chase Bank Cash Account,False,D,Interest,J,T,,,,,,,False,,,,,,,,,,,,,,,,,,,
1002845,14469,https://www.courtlistener.com/api/rest/v4/people/14469/,https://storage.courtlistener.com/us/federal/judicial/financial-disclosures/14469/wendy-williams-berger-disclosure.2020.pdf,2020,"
 All assets held in the  Trust are listed in Part VII.",2022-04-18,2022-04-18,investment,,,,,,,,,,5228323.0,First Federal Credit Union Cash Account,False,A,Interest,J,T,,,,,,,False,,,,,,,,,,,,,,,,,,,
1002846,14469,https://www.courtlistener.com/api/rest/v4/people/14469/,https://storage.courtlistener.com/us/federal/judicial/financial-disclosures/14469/wendy-williams-berger-disclosure.2020.pdf,2020,"
 All assets held in the  Trust are listed in Part VII.",2022-04-18,2022-04-18,investment,,,,,,,,,,5228324.0,Willscot Mobile Mini Holdings Corp. (WSC),False,E,Interest,K,T,,,,,,,False,,,,,,,,,,,,,,,,,,,
1002847,14469,https://www.courtlistener.com/api/rest/v4/people/14469/,https://storage.courtlistener.com/us/federal/judicial/financial-disclosures/14469/wendy-williams-berger-disclosure.2020.pdf,2020,"
 All assets held in the  Trust are listed in Part VII.",2022-04-18,2022-04-18,investment,,,,,,,,,,5228325.0,Amazon.com Inc. (AMZN),False,E,Interest,K,T,,,,,,,False,,,,,,,,,,,,,,,,,,,
1002848,14469,https://www.courtlistener.com/api/rest/v4/people/14469/,https://storage.courtlistener.com/us/federal/judicial/financial-disclosures/14469/wendy-williams-berger-disclosure.2020.pdf,2020,"
 All assets held in the  Trust are listed in Part VII.",2022-04-18,2022-04-18,investment,,,,,,,,,,5228326.0,ZYNGA Inc. (ZYNGA),False,D,Interest,J,T,,,,,,,False,,,,,,,,,,,,,,,,,,,
1002849,14469,https://www.courtlistener.com/api/rest/v4/people/14469/,https://storage.courtlistener.com/us/federal/judicial/financial-disclosures/14469/wendy-williams-berger-disclosure.2020.pdf,2020,"
 All assets held in the  Trust are listed in Part VII.",2022-04-18,2022-04-18,investment,,,,,,,,,,5228327.0,Golden Nugget Online Gaming Inc. (GNOG),False,C,Interest,J,T,,,,,,,False,,,,,,,,,,,,,,,,,,,
1002850,14469,https://www.courtlistener.com/api/rest/v4/people/14469/,https://storage.courtlistener.com/us/federal/judicial/financial-disclosures/14469/wendy-williams-berger-disclosure.2020.pdf,2020,"
 All assets held in the  Trust are listed in Part VII.",2022-04-18,2022-04-18,investment,,,,,,,,,,5228328.0,Naked Brand Group Ltd. (NAKD),False,A,Interest,J,T,,,,,,,False,,,,,,,,,,,,,,,,,,,
1002851,14469,https://www.courtlistener.com/api/rest/v4/people/14469/,https://storage.courtlistener.com/us/federal/judicial/financial-disclosures/14469/wendy-williams-berger-disclosure.2020.pdf,2020,"
 All assets held in the  Trust are listed in Part VII.",2022-04-18,2022-04-18,investment,,,,,,,,,,5228329.0,Intec Pharma Ltd. (NTEC),False,A,Interest,J,T,,,,,,,False,,,,,,,,,,,,,,,,,,,
1002852,14469,https://www.courtlistener.com/api/rest/v4/people/14469/,https://storage.courtlistener.com/us/federal/judicial/financial-disclosures/14469/wendy-williams-berger-disclosure.2020.pdf,2020,"
 All assets held in the  Trust are listed in Part VII.",2022-04-18,2022-04-18,investment,,,,,,,,,,5229721.0,Investment Account (H),False,,,,,,,,,,,False,,,,,,,,,,,,,,,,,,,
1002853,14469,https://www.courtlistener.com/api/rest/v4/people/14469/,https://storage.courtlistener.com/us/federal/judicial/financial-disclosures/14469/wendy-williams-berger-disclosure.2020.pdf,2020,"
 All assets held in the  Trust are listed in Part VII.",2022-04-18,2022-04-18,investment,,,,,,,,,,5229722.0,Citigroup Inc. C Stock,False,B,Dividend,J,T,,,,,,,False,,,,,,,,,,,,,,,,,,,
1002854,14469,https://www.courtlistener.com/api/rest/v4/people/14469/,https://storage.courtlistener.com/us/federal/judicial/financial-disclosures/14469/wendy-williams-berger-disclosure.2020.pdf,2020,"
 All assets held in the  Trust are listed in Part VII.",2022-04-18,2022-04-18,investment,,,,,,,,,,5229723.0,Duke Energy Corporation DUK Stock,False,D,Dividend,J,T,,,,,,,False,,,,,,,,,,,,,,,,,,,
1002855,14469,https://www.courtlistener.com/api/rest/v4/people/14469/,https://storage.courtlistener.com/us/federal/judicial/financial-disclosures/14469/wendy-williams-berger-disclosure.2020.pdf,2020,"
 All assets held in the  Trust are listed in Part VII.",2022-04-18,2022-04-18,investment,,,,,,,,,,5229724.0,Eaton Vance Worldwide Health Sciences ETHSX,False,A,Dividend,J,T,,,,,,,False,,,,,,,,,,,,,,,,,,,
1002856,14469,https://www.courtlistener.com/api/rest/v4/people/14469/,https://storage.courtlistener.com/us/federal/judicial/financial-disclosures/14469/wendy-williams-berger-disclosure.2020.pdf,2020,"
 All assets held in the  Trust are listed in Part VII.",2022-04-18,2022-04-18,investment,,,,,,,,,,5229725.0,Proctor and Gamble Co PG Stock,False,C,Dividend,J,T,,,,,,,False,,,,,,,,,,,,,,,,,,,
1002857,14469,https://www.courtlistener.com/api/rest/v4/people/14469/,https://storage.courtlistener.com/us/federal/judicial/financial-disclosures/14469/wendy-williams-berger-disclosure.2020.pdf,2020,"
 All assets held in the  Trust are listed in Part VII.",2022-04-18,2022-04-18,investment,,,,,,,,,,5229726.0,529 Florida Prepaid Educational Savings Plan - Age Based Investment,False,E,Int./Div.,K,T,,,,,,,False,,,,,,,,,,,,,,,,,,,
1002858,14469,https://www.courtlistener.com/api/rest/v4/people/14469/,https://storage.courtlistener.com/us/federal/judicial/financial-disclosures/14469/wendy-williams-berger-disclosure.2020.pdf,2020,"
 All assets held in the  Trust are listed in Part VII.",2022-04-18,2022-04-18,investment,,,,,,,,,,5229727.0,IRA Account (H),False,,,,,,,,,,,False,,,,,,,,,,,,,,,,,,,
1002859,14469,https://www.courtlistener.com/api/rest/v4/people/14469/,https://storage.courtlistener.com/us/federal/judicial/financial-disclosures/14469/wendy-williams-berger-disclosure.2020.pdf,2020,"
 All assets held in the  Trust are listed in Part VII.",2022-04-18,2022-04-18,investment,,,,,,,,,,5229728.0,Fidelity Four in One Index FFNOX,False,D,Dividend,J,T,,,,,,,False,,,,,,,,,,,,,,,,,,,
1002860,14469,https://www.courtlistener.com/api/rest/v4/people/14469/,https://storage.courtlistener.com/us/federal/judicial/financial-disclosures/14469/wendy-williams-berger-disclosure.2020.pdf,2020,"
 All assets held in the  Trust are listed in Part VII.",2022-04-18,2022-04-18,investment,,,,,,,,,,5229729.0,Northwestern Mutual Variable Life (H),False,,,,,,,,,,,False,,,,,,,,,,,,,,,,,,,
1002861,14469,https://www.courtlistener.com/api/rest/v4/people/14469/,https://storage.courtlistener.com/us/federal/judicial/financial-disclosures/14469/wendy-williams-berger-disclosure.2020.pdf,2020,"
 All assets held in the  Trust are listed in Part VII.",2022-04-18,2022-04-18,investment,,,,,,,,,,5229730.0,Government Money Market Fund MSA Black Rock,False,E,Dividend,K,T,,,,,,,False,,,,,,,,,,,,,,,,,,,
1002862,14469,https://www.courtlistener.com/api/rest/v4/people/14469/,https://storage.courtlistener.com/us/federal/judicial/financial-disclosures/14469/wendy-williams-berger-disclosure.2020.pdf,2020,"
 All assets held in the  Trust are listed in Part VII.",2022-04-18,2022-04-18,investment,,,,,,,,,,5229731.0,Chase Bank Cash Account,False,D,Interest,J,T,,,,,,,False,,,,,,,,,,,,,,,,,,,
1002863,14469,https://www.courtlistener.com/api/rest/v4/people/14469/,https://storage.courtlistener.com/us/federal/judicial/financial-disclosures/14469/wendy-williams-berger-disclosure.2020.pdf,2020,"
 All assets held in the  Trust are listed in Part VII.",2022-04-18,2022-04-18,investment,,,,,,,,,,5229732.0,First Federal Credit Union Cash Account,False,A,Interest,J,T,,,,,,,False,,,,,,,,,,,,,,,,,,,
1002864,14469,https://www.courtlistener.com/api/rest/v4/people/14469/,https://storage.courtlistener.com/us/federal/judicial/financial-disclosures/14469/wendy-williams-berger-disclosure.2020.pdf,2020,"
 All assets held in the  Trust are listed in Part VII.",2022-04-18,2022-04-18,investment,,,,,,,,,,5229733.0,Willscot Mobile Mini Holdings Corp. (WSC),False,E,Interest,K,T,,,,,,,False,,,,,,,,,,,,,,,,,,,
1002865,14469,https://www.courtlistener.com/api/rest/v4/people/14469/,https://storage.courtlistener.com/us/federal/judicial/financial-disclosures/14469/wendy-williams-berger-disclosure.2020.pdf,2020,"
 All assets held in the  Trust are listed in Part VII.",2022-04-18,2022-04-18,investment,,,,,,,,,,5229734.0,Amazon.com Inc. (AMZN),False,E,Interest,K,T,,,,,,,False,,,,,,,,,,,,,,,,,,,
1002866,14469,https://www.courtlistener.com/api/rest/v4/people/14469/,https://storage.courtlistener.com/us/federal/judicial/financial-disclosures/14469/wendy-williams-berger-disclosure.2020.pdf,2020,"
 All assets held in the  Trust are listed in Part VII.",2022-04-18,2022-04-18,investment,,,,,,,,,,5229735.0,ZYNGA Inc. (ZYNGA),False,D,Interest,J,T,,,,,,,False,,,,,,,,,,,,,,,,,,,
1002867,14469,https://www.courtlistener.com/api/rest/v4/people/14469/,https://storage.courtlistener.com/us/federal/judicial/financial-disclosures/14469/wendy-williams-berger-disclosure.2020.pdf,2020,"
 All assets held in the  Trust are listed in Part VII.",2022-04-18,2022-04-18,investment,,,,,,,,,,5229736.0,Golden Nugget Online Gaming Inc. (GNOG),False,C,Interest,J,T,,,,,,,False,,,,,,,,,,,,,,,,,,,
1002868,14469,https://www.courtlistener.com/api/rest/v4/people/14469/,https://storage.courtlistener.com/us/federal/judicial/financial-disclosures/14469/wendy-williams-berger-disclosure.2020.pdf,2020,"
 All assets held in the  Trust are listed in Part VII.",2022-04-18,2022-04-18,investment,,,,,,,,,,5229737.0,Naked Brand Group Ltd. (NAKD),False,A,Interest,J,T,,,,,,,False,,,,,,,,,,,,,,,,,,,
1002869,14469,https://www.courtlistener.com/api/rest/v4/people/14469/,https://storage.courtlistener.com/us/federal/judicial/financial-disclosures/14469/wendy-williams-berger-disclosure.2020.pdf,2020,"
 All assets held in the  Trust are listed in Part VII.",2022-04-18,2022-04-18,investment,,,,,,,,,,5229738.0,Intec Pharma Ltd. (NTEC),False,A,Interest,J,T,,,,,,,False,,,,,,,,,,,,,,,,,,,
1002870,14469,https://www.courtlistener.com/api/rest/v4/people/14469/,https://storage.courtlistener.com/us/federal/judicial/financial-disclosures/14469/wendy-williams-berger-disclosure.2020.pdf,2020,"
 All assets held in the  Trust are listed in Part VII.",2022-04-18,2022-04-18,position,,,,,,,,,,,,,,,,,,,,,,,,,,,,,95926.0,Trustee,,False,,,,,,,,,,
1002871,14469,https://www.courtlistener.com/api/rest/v4/people/14469/,https://storage.courtlistener.com/us/federal/judicial/financial-disclosures/14469/wendy-williams-berger-disclosure.2020.pdf,2020,"
 All assets held in the  Trust are listed in Part VII.",2022-04-18,2022-04-18,position,,,,,,,,,,,,,,,,,,,,,,,,,,,,,95806.0,Trustee,,False,,,,,,,,,,
1002872,14469,https://www.courtlistener.com/api/rest/v4/people/14469/,https://storage.courtlistener.com/us/federal/judicial/financial-disclosures/14469/wendy-williams-berger-disclosure.2020.pdf,2020,"
 All assets held in the  Trust are listed in Part VII.",2022-04-18,2022-04-18,position,,,,,,,,,,,,,,,,,,,,,,,,,,,,,95843.0,Trustee,,False,,,,,,,,,,
1002873,14469,https://www.courtlistener.com/api/rest/v4/people/14469/,https://storage.courtlistener.com/us/federal/judicial/financial-disclosures/14469/wendy-williams-berger-disclosure.2020.pdf,2020,"
 All assets held in the  Trust are listed in Part VII.",2022-04-18,2022-04-18,position,,,,,,,,,,,,,,,,,,,,,,,,,,,,,96081.0,Trustee,,False,,,,,,,,,,
1002874,14469,https://www.courtlistener.com/api/rest/v4/people/14469/,https://storage.courtlistener.com/us/federal/judicial/financial-disclosures/14469/wendy-williams-berger-disclosure.2020.pdf,2020,"
 All assets held in the  Trust are listed in Part VII.",2022-04-18,2022-04-18,position,,,,,,,,,,,,,,,,,,,,,,,,,,,,,96235.0,Trustee,,False,,,,,,,,,,
1002875,14469,https://www.courtlistener.com/api/rest/v4/people/14469/,https://storage.courtlistener.com/us/federal/judicial/financial-disclosures/14469/wendy-williams-berger-disclosure.2020.pdf,2020,"
 All assets held in the  Trust are listed in Part VII.",2022-04-18,2022-04-18,position,,,,,,,,,,,,,,,,,,,,,,,,,,,,,96278.0,Trustee,,False,,,,,,,,,,
1002876,14469,https://www.courtlistener.com/api/rest/v4/people/14469/,https://storage.courtlistener.com/us/federal/judicial/financial-disclosures/14469/wendy-williams-berger-disclosure.2020.pdf,2020,"
 All assets held in the  Trust are listed in Part VII.",2022-04-18,2022-04-18,reimbursement,,,,,,,,,,,,,,,,,,,,,,,,,,,,,,,,,96289.0,Brevard County Bar Association,"Cocoa, Florida",,Meal,False,,,,
1002877,14469,https://www.courtlistener.com/api/rest/v4/people/14469/,https://storage.courtlistener.com/us/federal/judicial/financial-disclosures/14469/wendy-williams-berger-disclosure.2020.pdf,2020,"
 All assets held in the  Trust are listed in Part VII.",2022-04-18,2022-04-18,reimbursement,,,,,,,,,,,,,,,,,,,,,,,,,,,,,,,,,96290.0,George Mason Antonin Scalia School of Law: Law and Economics Center,"Pray, Montana",,"Transportation, Meals, Lodging",False,,,,
1002878,14469,https://www.courtlistener.com/api/rest/v4/people/14469/,https://storage.courtlistener.com/us/federal/judicial/financial-disclosures/14469/wendy-williams-berger-disclosure.2020.pdf,2020,"
 All assets held in the  Trust are listed in Part VII.",2022-04-18,2022-04-18,reimbursement,,,,,,,,,,,,,,,,,,,,,,,,,,,,,,,,,96291.0,George Mason Antonin Scalia School of Law: Global Antitrust Institute,"Scottsdale, Arizona",,"Transportation, Meals, Lodging",False,,,,
1002879,14469,https://www.courtlistener.com/api/rest/v4/people/14469/,https://storage.courtlistener.com/us/federal/judicial/financial-disclosures/14469/wendy-williams-berger-disclosure.2020.pdf,2020,"
 All assets held in the  Trust are listed in Part VII.",2022-04-18,2022-04-18,reimbursement,,,,,,,,,,,,,,,,,,,,,,,,,,,,,,,,,96292.0,AO,"Washington, D.C.",,"Transportation, Lodging",False,,,,
1002880,14469,https://www.courtlistener.com/api/rest/v4/people/14469/,https://storage.courtlistener.com/us/federal/judicial/financial-disclosures/14469/wendy-williams-berger-disclosure.2020.pdf,2020,"
 All assets held in the  Trust are listed in Part VII.",2022-04-18,2022-04-18,reimbursement,,,,,,,,,,,,,,,,,,,,,,,,,,,,,,,,,96296.0,Brevard County Bar Association,"Cocoa, Florida",,Meal,False,,,,
1002881,14469,https://www.courtlistener.com/api/rest/v4/people/14469/,https://storage.courtlistener.com/us/federal/judicial/financial-disclosures/14469/wendy-williams-berger-disclosure.2020.pdf,2020,"
 All assets held in the  Trust are listed in Part VII.",2022-04-18,2022-04-18,reimbursement,,,,,,,,,,,,,,,,,,,,,,,,,,,,,,,,,96297.0,George Mason Antonin Scalia School of Law: Law and Economics Center,"Pray, Montana",,"Transportation, Meals, Lodging",False,,,,
1002882,14469,https://www.courtlistener.com/api/rest/v4/people/14469/,https://storage.courtlistener.com/us/federal/judicial/financial-disclosures/14469/wendy-williams-berger-disclosure.2020.pdf,2020,"
 All assets held in the  Trust are listed in Part VII.",2022-04-18,2022-04-18,reimbursement,,,,,,,,,,,,,,,,,,,,,,,,,,,,,,,,,96298.0,George Mason Antonin Scalia School of Law: Global Antitrust Institute,"Scottsdale, Arizona",,"Transportation, Meals, Lodging",False,,,,
1002883,14469,https://www.courtlistener.com/api/rest/v4/people/14469/,https://storage.courtlistener.com/us/federal/judicial/financial-disclosures/14469/wendy-williams-berger-disclosure.2020.pdf,2020,"
 All assets held in the  Trust are listed in Part VII.",2022-04-18,2022-04-18,reimbursement,,,,,,,,,,,,,,,,,,,,,,,,,,,,,,,,,96299.0,AO,"Washington, D.C.",,"Transportation, Lodging",False,,,,
1002884,14469,https://www.courtlistener.com/api/rest/v4/people/14469/,https://storage.courtlistener.com/us/federal/judicial/financial-disclosures/14469/wendy-williams-berger-disclosure.2020.pdf,2020,"
 All assets held in the  Trust are listed in Part VII.",2022-04-18,2022-04-18,reimbursement,,,,,,,,,,,,,,,,,,,,,,,,,,,,,,,,,96327.0,Brevard County Bar Association,"Cocoa, Florida",,Meal,False,,,,
1002885,14469,https://www.courtlistener.com/api/rest/v4/people/14469/,https://storage.courtlistener.com/us/federal/judicial/financial-disclosures/14469/wendy-williams-berger-disclosure.2020.pdf,2020,"
 All assets held in the  Trust are listed in Part VII.",2022-04-18,2022-04-18,reimbursement,,,,,,,,,,,,,,,,,,,,,,,,,,,,,,,,,96328.0,George Mason Antonin Scalia School of Law: Law and Economics Center,"Pray, Montana",,"Transportation, Meals, Lodging",False,,,,
1002886,14469,https://www.courtlistener.com/api/rest/v4/people/14469/,https://storage.courtlistener.com/us/federal/judicial/financial-disclosures/14469/wendy-williams-berger-disclosure.2020.pdf,2020,"
 All assets held in the  Trust are listed in Part VII.",2022-04-18,2022-04-18,reimbursement,,,,,,,,,,,,,,,,,,,,,,,,,,,,,,,,,96329.0,George Mason Antonin Scalia School of Law: Global Antitrust Institute,"Scottsdale, Arizona",,"Transportation, Meals, Lodging",False,,,,
1002887,14469,https://www.courtlistener.com/api/rest/v4/people/14469/,https://storage.courtlistener.com/us/federal/judicial/financial-disclosures/14469/wendy-williams-berger-disclosure.2020.pdf,2020,"
 All assets held in the  Trust are listed in Part VII.",2022-04-18,2022-04-18,reimbursement,,,,,,,,,,,,,,,,,,,,,,,,,,,,,,,,,96330.0,AO,"Washington, D.C.",,"Transportation, Lodging",False,,,,
1002888,14469,https://www.courtlistener.com/api/rest/v4/people/14469/,https://storage.courtlistener.com/us/federal/judicial/financial-disclosures/14469/wendy-williams-berger-disclosure.2020.pdf,2020,"
 All assets held in the  Trust are listed in Part VII.",2022-04-18,2022-04-18,reimbursement,,,,,,,,,,,,,,,,,,,,,,,,,,,,,,,,,96364.0,Brevard County Bar Association,"Cocoa, Florida",,Meal,False,,,,
1002889,14469,https://www.courtlistener.com/api/rest/v4/people/14469/,https://storage.courtlistener.com/us/federal/judicial/financial-disclosures/14469/wendy-williams-berger-disclosure.2020.pdf,2020,"
 All assets held in the  Trust are listed in Part VII.",2022-04-18,2022-04-18,reimbursement,,,,,,,,,,,,,,,,,,,,,,,,,,,,,,,,,96365.0,George Mason Antonin Scalia School of Law: Law and Economics Center,"Pray, Montana",,"Transportation, Meals, Lodging",False,,,,
1002890,14469,https://www.courtlistener.com/api/rest/v4/people/14469/,https://storage.courtlistener.com/us/federal/judicial/financial-disclosures/14469/wendy-williams-berger-disclosure.2020.pdf,2020,"
 All assets held in the  Trust are listed in Part VII.",2022-04-18,2022-04-18,reimbursement,,,,,,,,,,,,,,,,,,,,,,,,,,,,,,,,,96366.0,George Mason Antonin Scalia School of Law: Global Antitrust Institute,"Scottsdale, Arizona",,"Transportation, Meals, Lodging",False,,,,
1002891,14469,https://www.courtlistener.com/api/rest/v4/people/14469/,https://storage.courtlistener.com/us/federal/judicial/financial-disclosures/14469/wendy-williams-berger-disclosure.2020.pdf,2020,"
 All assets held in the  Trust are listed in Part VII.",2022-04-18,2022-04-18,reimbursement,,,,,,,,,,,,,,,,,,,,,,,,,,,,,,,,,96367.0,AO,"Washington, D.C.",,"Transportation, Lodging",False,,,,
1002892,14469,https://www.courtlistener.com/api/rest/v4/people/14469/,https://storage.courtlistener.com/us/federal/judicial/financial-disclosures/14469/wendy-williams-berger-disclosure.2020.pdf,2020,"
 All assets held in the  Trust are listed in Part VII.",2022-04-18,2022-04-18,reimbursement,,,,,,,,,,,,,,,,,,,,,,,,,,,,,,,,,96395.0,Brevard County Bar Association,"Cocoa, Florida",,Meal,False,,,,
1002893,14469,https://www.courtlistener.com/api/rest/v4/people/14469/,https://storage.courtlistener.com/us/federal/judicial/financial-disclosures/14469/wendy-williams-berger-disclosure.2020.pdf,2020,"
 All assets held in the  Trust are listed in Part VII.",2022-04-18,2022-04-18,reimbursement,,,,,,,,,,,,,,,,,,,,,,,,,,,,,,,,,96396.0,George Mason Antonin Scalia School of Law: Law and Economics Center,"Pray, Montana",,"Transportation, Meals, Lodging",False,,,,
1002894,14469,https://www.courtlistener.com/api/rest/v4/people/14469/,https://storage.courtlistener.com/us/federal/judicial/financial-disclosures/14469/wendy-williams-berger-disclosure.2020.pdf,2020,"
 All assets held in the  Trust are listed in Part VII.",2022-04-18,2022-04-18,reimbursement,,,,,,,,,,,,,,,,,,,,,,,,,,,,,,,,,96397.0,George Mason Antonin Scalia School of Law: Global Antitrust Institute,"Scottsdale, Arizona",,"Transportation, Meals, Lodging",False,,,,
1002895,14469,https://www.courtlistener.com/api/rest/v4/people/14469/,https://storage.courtlistener.com/us/federal/judicial/financial-disclosures/14469/wendy-williams-berger-disclosure.2020.pdf,2020,"
 All assets held in the  Trust are listed in Part VII.",2022-04-18,2022-04-18,reimbursement,,,,,,,,,,,,,,,,,,,,,,,,,,,,,,,,,96398.0,AO,"Washington, D.C.",,"Transportation, Lodging",False,,,,
1002896,14469,https://www.courtlistener.com/api/rest/v4/people/14469/,https://storage.courtlistener.com/us/federal/judicial/financial-disclosures/14469/wendy-williams-berger-disclosure.2020.pdf,2020,"
 All assets held in the  Trust are listed in Part VII.",2022-04-18,2022-04-18,reimbursement,,,,,,,,,,,,,,,,,,,,,,,,,,,,,,,,,96402.0,Brevard County Bar Association,"Cocoa, Florida",,Meal,False,,,,
1002897,14469,https://www.courtlistener.com/api/rest/v4/people/14469/,https://storage.courtlistener.com/us/federal/judicial/financial-disclosures/14469/wendy-williams-berger-disclosure.2020.pdf,2020,"
 All assets held in the  Trust are listed in Part VII.",2022-04-18,2022-04-18,reimbursement,,,,,,,,,,,,,,,,,,,,,,,,,,,,,,,,,96403.0,George Mason Antonin Scalia School of Law: Law and Economics Center,"Pray, Montana",,"Transportation, Meals, Lodging",False,,,,
1002898,14469,https://www.courtlistener.com/api/rest/v4/people/14469/,https://storage.courtlistener.com/us/federal/judicial/financial-disclosures/14469/wendy-williams-berger-disclosure.2020.pdf,2020,"
 All assets held in the  Trust are listed in Part VII.",2022-04-18,2022-04-18,reimbursement,,,,,,,,,,,,,,,,,,,,,,,,,,,,,,,,,96404.0,George Mason Antonin Scalia School of Law: Global Antitrust Institute,"Scottsdale, Arizona",,"Transportation, Meals, Lodging",False,,,,
1002899,14469,https://www.courtlistener.com/api/rest/v4/people/14469/,https://storage.courtlistener.com/us/federal/judicial/financial-disclosures/14469/wendy-williams-berger-disclosure.2020.pdf,2020,"
 All assets held in the  Trust are listed in Part VII.",2022-04-18,2022-04-18,reimbursement,,,,,,,,,,,,,,,,,,,,,,,,,,,,,,,,,96405.0,AO,"Washington, D.C.",,"Transportation, Lodging",False,,,,
1002900,14469,https://www.courtlistener.com/api/rest/v4/people/14469/,https://storage.courtlistener.com/us/federal/judicial/financial-disclosures/14469/wendy-williams-berger-disclosure.2020.pdf,2020,"
 All assets held in the  Trust are listed in Part VII.",2022-04-18,2022-04-18,spouse_income,,,,,,,,,,,,,,,,,,,,,,,,,,,,,,,,,,,,,,,60010.0,"Allied Plastics Co., Inc.",2020,False
1002901,14469,https://www.courtlistener.com/api/rest/v4/people/14469/,https://storage.courtlistener.com/us/federal/judicial/financial-disclosures/14469/wendy-williams-berger-disclosure.2020.pdf,2020,"
 All assets held in the  Trust are listed in Part VII.",2022-04-18,2022-04-18,spouse_income,,,,,,,,,,,,,,,,,,,,,,,,,,,,,,,,,,,,,,,60020.0,"Allied Plastics Co., Inc.",2020,False
1002902,14469,https://www.courtlistener.com/api/rest/v4/people/14469/,https://storage.courtlistener.com/us/federal/judicial/financial-disclosures/14469/wendy-williams-berger-disclosure.2020.pdf,2020,"
 All assets held in the  Trust are listed in Part VII.",2022-04-18,2022-04-18,spouse_income,,,,,,,,,,,,,,,,,,,,,,,,,,,,,,,,,,,,,,,60065.0,"Allied Plastics Co., Inc.",2020,False
1002903,14469,https://www.courtlistener.com/api/rest/v4/people/14469/,https://storage.courtlistener.com/us/federal/judicial/financial-disclosures/14469/wendy-williams-berger-disclosure.2020.pdf,2020,"
 All assets held in the  Trust are listed in Part VII.",2022-04-18,2022-04-18,spouse_income,,,,,,,,,,,,,,,,,,,,,,,,,,,,,,,,,,,,,,,60148.0,"Allied Plastics Co., Inc.",2020,False
1002904,14469,https://www.courtlistener.com/api/rest/v4/people/14469/,https://storage.courtlistener.com/us/federal/judicial/financial-disclosures/14469/wendy-williams-berger-disclosure.2020.pdf,2020,"
 All assets held in the  Trust are listed in Part VII.",2022-04-18,2022-04-18,spouse_income,,,,,,,,,,,,,,,,,,,,,,,,,,,,,,,,,,,,,,,60219.0,"Allied Plastics Co., Inc.",2020,False
1002905,14469,https://www.courtlistener.com/api/rest/v4/people/14469/,https://storage.courtlistener.com/us/federal/judicial/financial-disclosures/14469/wendy-williams-berger-disclosure.2020.pdf,2020,"
 All assets held in the  Trust are listed in Part VII.",2022-04-18,2022-04-18,spouse_income,,,,,,,,,,,,,,,,,,,,,,,,,,,,,,,,,,,,,,,60232.0,"Allied Plastics Co., Inc.",2020,False
